﻿Designator,Footprint,Quantity,Value,LCSC Part #
BT1,BatteryHolder_Keystone_1060_1x2032,1,Battery_Cell,C5370859
C1,CL10A475KP8NNNC,1,4.7uF,C1705
C2,TAJA476K006RNJ,1,47uF(Tantalum),C7190
C3,TAJA226M010RNJ,1,22uF(Tantalum),C7183
L1,SMNR5040-470MT,1,47-100uH,C1034
R1,0603WAJ0104T5E,1,100k,C15458
"R10, R11, R12, R3, R4, R5, R6, R7, R8, R9",0402WGJ0332TCE,10,3.3k,C25936
R2,0402WGJ0103TCE,1,10k,C25531
S1,1N5817W,1,1N5817,C727113
U1,ICM7555CBAZ,1,ICM7555CBAZ,C3304410
U2,CD4017BM,1,CD4017BM,C1523359
U3,HT7750A,1,HT7750A,C259884
U4,HX SS12F44G4,1,HX SS12F44G4,C5149844
